Laser Sensor:,False
 
Number of ePucks:,0
Number of obstacles:,11
 
Angular Velocity Noise Hypers:,0.0,0.7,0.5
Linear Velocity Noise Hypers:,0.15,1.0,0.03
egoPuck Max Velocity:,0.3,1.2
Reward Multipliers:,0.01,100.0,3.0,200.0,200.0
 
Checkpoint, Success Ratio, Average Reward, Reward Std Dev, ,Trial 0,Trial 1,Trial 2,Trial 3,Trial 4,Trial 5,Trial 6,Trial 7,Trial 8,Trial 9,Trial 10,Trial 11,Trial 12,Trial 13,Trial 14,Trial 15,Trial 16,Trial 17,Trial 18,Trial 19,Trial 20,Trial 21,Trial 22,Trial 23,Trial 24,Trial 25,Trial 26,Trial 27,Trial 28,Trial 29,Trial 30,Trial 31,Trial 32,Trial 33,Trial 34,Trial 35,Trial 36,Trial 37,Trial 38,Trial 39,Trial 40,Trial 41,Trial 42,Trial 43,Trial 44,Trial 45,Trial 46,Trial 47,Trial 48,Trial 49
200, 0.0, -166.63621294699954, 51.26573635550207,,-106.52082047590055,-181.3148467188202,-147.9962263379272,-212.6667139266174,-120.97109964835369,-236.7919252241211,-202.3959146362188,-201.3852601240639,-164.87995275224495,-87.55936060225105,-284.03510748133453,-255.02904254773642,-88.04811857029704,-262.52134174922014,-147.06797274077468,-165.4184964492452,-154.57863119777255,-136.90478987115046,-261.0346420660363,-233.52736899500303,-168.9818476795283,-208.18815844015555,-142.52296215624355,-221.09119057517373,-110.75458156533777,-108.90058069390751,-204.05150132758686,-129.82052529708707,-164.2996135573008,-148.17444567687463,-158.06935015526753,-99.25155804649384,-175.74407817681256,-118.99770090604503,-119.0264416838713,-138.84742260497632,-218.4694414658343,-147.58895425168356,-164.74524515776048,-89.53071653926727,-139.07110709738865,-155.91285591247964,-162.7669954576781,-197.7602737207335,-244.04585356078945,-99.3111035734386,-88.52348412501058,-238.1225695186614,-164.54735779643602,-154.0450985150639
